{"cameraMode":{"drawMode":0,"name":"Shaded","section":"Shading Mode"},"sceneLighting":true,"audioPlay":false,"sceneViewState":{"showFog":true,"showMaterialUpdate":false,"showSkybox":true,"showFlares":true,"showImageEffects":true,"showParticleSystems":true},"in2DMode":false,"pivot":{"x":0.7188493609428406,"y":0.554689347743988,"z":-1.3044424057006837},"rotation":{"x":-0.698153555393219,"y":-0.0025690977927297355,"z":0.0025063653010874988,"w":-0.7159552574157715},"size":8.674599647521973,"orthographic":false}